,name,company,year,Price,kms_driven,fuel_type
0,Hyundai Santro Xing,Hyundai,2007,80000,45000,Petrol
1,Mahindra Jeep CL550,Mahindra,2006,425000,40,Diesel
2,Maruti Suzuki Alto,Maruti,2018,290000,22000,Petrol
3,Hyundai Grand i10,Hyundai,2014,325000,28000,Petrol
4,Ford EcoSport Titanium,Ford,2014,575000,36000,Diesel
5,Ford EcoSport Titanium,Ford,2015,290000,59000,Diesel
6,Ford Figo,Ford,2012,175000,41000,Diesel
7,Hyundai Eon,Hyundai,2013,190000,25000,Petrol
8,Ford EcoSport Ambiente,Ford,2016,830000,24530,Diesel
9,Maruti Suzuki Alto,Maruti,2015,250000,60000,Petrol
10,Skoda Fabia Classic,Skoda,2010,182000,60000,Petrol
11,Maruti Suzuki Stingray,Maruti,2015,315000,30000,Petrol
12,Hyundai Elite i20,Hyundai,2014,415000,32000,Petrol
13,Mahindra Scorpio SLE,Mahindra,2015,320000,48660,Diesel
14,Hyundai Santro Xing,Hyundai,2007,80000,45000,Petrol
15,Mahindra Jeep CL550,Mahindra,2006,425000,40,Diesel
16,Audi A8,Audi,2017,1000000,4000,Petrol
17,Audi Q7,Audi,2014,500000,16934,Diesel
18,Mahindra Scorpio S10,Mahindra,2016,350000,43000,Diesel
19,Maruti Suzuki Alto,Maruti,2014,160000,35550,Petrol
20,Mahindra Scorpio S10,Mahindra,2016,350000,43000,Diesel
21,Mahindra Scorpio S10,Mahindra,2016,310000,39522,Diesel
22,Maruti Suzuki Alto,Maruti,2015,75000,39000,Petrol
23,Hyundai i20 Sportz,Hyundai,2012,100000,55000,Petrol
24,Hyundai i20 Sportz,Hyundai,2012,100000,55000,Petrol
25,Hyundai i20 Sportz,Hyundai,2012,100000,55000,Petrol
26,Maruti Suzuki Alto,Maruti,2017,190000,72000,Petrol
27,Maruti Suzuki Vitara,Maruti,2016,290000,15975,Diesel
28,Maruti Suzuki Alto,Maruti,2008,95000,70000,Petrol
29,Mahindra Bolero DI,Mahindra,2017,180000,23452,Diesel
30,Maruti Suzuki Swift,Maruti,2014,385000,35522,Diesel
31,Mahindra Scorpio S10,Mahindra,2015,250000,48508,Diesel
32,Maruti Suzuki Swift,Maruti,2017,180000,15487,Petrol
33,Maruti Suzuki Wagon,Maruti,2013,105000,39000,Petrol
34,Maruti Suzuki Wagon,Maruti,2013,105000,39000,Petrol
35,Toyota Innova 2.0,Toyota,2012,650000,82000,Diesel
36,Renault Lodgy 85,Renault,2018,689999,20000,Diesel
37,Skoda Yeti Ambition,Skoda,2012,448000,68000,Diesel
38,Maruti Suzuki Baleno,Maruti,2017,549000,32000,Diesel
39,Renault Duster 110,Renault,2012,501000,38000,Diesel
40,Renault Duster 85,Renault,2013,489999,27000,Diesel
41,Honda City 1.5,Honda,2011,280000,33000,Petrol
42,Maruti Suzuki Alto,Maruti,2015,250000,60000,Petrol
43,Maruti Suzuki Dzire,Maruti,2013,349999,46000,Diesel
44,Honda Amaze,Honda,2013,284999,46000,Diesel
45,Honda Amaze 1.5,Honda,2015,345000,36000,Diesel
46,Honda City,Honda,2015,499999,55000,Petrol
47,Datsun Redi GO,Datsun,2017,235000,16000,Petrol
48,Maruti Suzuki SX4,Maruti,2010,249999,36000,Petrol
49,Mitsubishi Pajero Sport,Mitsubishi,2015,1475000,47000,Diesel
50,Mahindra Bolero DI,Mahindra,2017,180000,23452,Diesel
51,Maruti Suzuki Swift,Maruti,2014,385000,35522,Diesel
52,Mahindra Scorpio S10,Mahindra,2015,250000,48508,Diesel
53,Maruti Suzuki Swift,Maruti,2017,180000,15487,Petrol
54,Maruti Suzuki Wagon,Maruti,2013,105000,39000,Petrol
55,Maruti Suzuki Wagon,Maruti,2013,105000,39000,Petrol
56,Mahindra Scorpio S10,Mahindra,2015,395000,35000,Diesel
57,Maruti Suzuki Swift,Maruti,2017,220000,30874,Petrol
58,Honda City ZX,Honda,2017,170000,15000,Diesel
59,Maruti Suzuki Wagon,Maruti,2013,85000,29685,Petrol
60,Ford Figo,Ford,2012,175000,41000,Diesel
61,Hyundai Eon,Hyundai,2013,190000,25000,Petrol
62,Tata Indigo eCS,Tata,2017,200000,130000,Diesel
63,Ford EcoSport Ambiente,Ford,2016,830000,24530,Diesel
64,Tata Indigo eCS,Tata,2017,200000,130000,Diesel
65,Mahindra Scorpio SLE,Mahindra,2012,570000,19000,Diesel
66,Volkswagen Polo Highline,Volkswagen,2014,315000,60000,Petrol
67,Skoda Fabia Classic,Skoda,2010,182000,60000,Petrol
68,Maruti Suzuki Stingray,Maruti,2015,315000,30000,Petrol
69,Chevrolet Spark LS,Chevrolet,2010,110000,41000,Petrol
70,Renault Duster 110PS,Renault,2012,501000,35000,Diesel
71,Honda City,Honda,2015,448999,54000,Petrol
72,Datsun Redi GO,Datsun,2017,235000,16000,Petrol
73,Skoda Fabia 1.2L,Skoda,2011,159500,38200,Diesel
74,Honda Amaze,Honda,2015,344999,22000,Petrol
75,Honda Amaze,Honda,2015,344999,22000,Petrol
76,Renault Duster,Renault,2014,449999,50000,Diesel
77,Mahindra Scorpio S4,Mahindra,2015,865000,30000,Diesel
78,Mahindra Scorpio VLX,Mahindra,2014,699000,50000,Diesel
79,Mahindra Quanto C8,Mahindra,2013,375000,20000,Diesel
80,Ford EcoSport,Ford,2017,489999,39000,Petrol
81,Honda Brio,Honda,2012,224999,30000,Petrol
82,Volkswagen Vento Highline,Volkswagen,2019,1200000,3600,Diesel
83,Hyundai i20 Magna,Hyundai,2009,195000,32000,Petrol
84,Toyota Corolla Altis,Toyota,2010,351000,38000,Diesel
85,Hyundai Verna Transform,Hyundai,2008,160000,45000,Petrol
86,Toyota Corolla Altis,Toyota,2009,240000,35000,Petrol
87,Honda City 1.5,Honda,2005,90000,50000,Petrol
88,Hyundai Elite i20,Hyundai,2014,415000,32000,Petrol
89,Skoda Fabia 1.2L,Skoda,2011,155000,45863,Diesel
90,BMW 3 Series,BMW,2011,600000,60500,Petrol
91,Maruti Suzuki A,Maruti,2011,189500,12500,Petrol
92,Toyota Etios GD,Toyota,2013,350000,60000,Diesel
93,Ford Figo Diesel,Ford,2012,210000,35000,Diesel
94,Maruti Suzuki Swift,Maruti,2014,390000,35000,Petrol
95,Chevrolet Beat LT,Chevrolet,2012,135000,45000,Diesel
96,BMW 7 Series,BMW,2009,1600000,35000,Petrol
97,Mahindra XUV500 W8,Mahindra,2013,701000,38000,Diesel
98,Hyundai i10 Magna,Hyundai,2014,265000,18000,Petrol
99,Hyundai Verna Fluidic,Hyundai,2015,525000,35000,Diesel
100,Maruti Suzuki Swift,Maruti,2013,372000,13349,Petrol
101,Maruti Suzuki Ertiga,Maruti,2016,635000,29000,Petrol
102,Ford EcoSport Titanium,Ford,2014,550000,44000,Diesel
103,Maruti Suzuki Ertiga,Maruti,2016,575000,29000,Petrol
104,Maruti Suzuki Ertiga,Maruti,2013,485000,42000,Diesel
105,Maruti Suzuki Alto,Maruti,2012,155000,14000,Petrol
106,Hyundai Grand i10,Hyundai,2014,345000,49000,Diesel
107,Honda Amaze 1.2,Honda,2014,325000,42000,Petrol
108,Hyundai i20 Asta,Hyundai,2012,329500,36200,Diesel
109,Ford Figo Diesel,Ford,2014,195000,50000,Diesel
110,Maruti Suzuki Eeco,Maruti,2015,251111,55000,Petrol
111,Maruti Suzuki Ertiga,Maruti,2014,569999,45000,Petrol
112,Maruti Suzuki Esteem,Maruti,2007,69999,51000,Petrol
113,Maruti Suzuki Ritz,Maruti,2014,299999,19000,Petrol
114,Maruti Suzuki Dzire,Maruti,2009,220000,46000,Petrol
115,Maruti Suzuki Ritz,Maruti,2013,399999,33000,Diesel
116,Maruti Suzuki Swift,Maruti,2013,372000,13349,Petrol
117,Maruti Suzuki Dzire,Maruti,2015,450000,104000,Diesel
118,Toyota Etios Liva,Toyota,2014,270000,55000,Petrol
119,Hyundai i20 Sportz,Hyundai,2011,350000,33333,Diesel
120,Chevrolet Spark,Chevrolet,2012,158400,33600,Petrol
121,Maruti Suzuki Alto,Maruti,2017,350000,5600,Petrol
122,Nissan Micra XV,Nissan,2011,179000,41000,Petrol
123,Maruti Suzuki Swift,Maruti,2007,125000,70000,Petrol
124,Maruti Suzuki Alto,Maruti,2018,200000,7500,Petrol
125,Honda Amaze 1.5,Honda,2013,299000,45000,Diesel
126,Maruti Suzuki Alto,Maruti,2015,220000,38000,Petrol
127,Chevrolet Beat,Chevrolet,2015,150000,30000,Petrol
128,Honda City 1.5,Honda,2010,285000,35000,Petrol
129,Ford EcoSport Trend,Ford,2016,830000,24330,Diesel
130,Hyundai i20 Asta,Hyundai,2009,210000,65480,Petrol
131,Maruti Suzuki Swift,Maruti,2013,340000,41000,Petrol
132,Tata Indica V2,Tata,2006,90000,20000,Petrol
133,Maruti Suzuki Alto,Maruti,2018,290000,28028,Petrol
134,Toyota Corolla Altis,Toyota,2010,289999,70000,Petrol
135,Toyota Corolla Altis,Toyota,2012,349999,59000,Petrol
136,Toyota Innova 2.5,Toyota,2012,849999,99000,Diesel
137,Volkswagen Jetta Highline,Volkswagen,2014,749999,46000,Diesel
138,Volkswagen Polo Comfortline,Volkswagen,2015,399999,2800,Petrol
139,Volkswagen Polo,Volkswagen,2014,274999,32000,Petrol
140,Mahindra Scorpio,Mahindra,2015,984999,22000,Diesel
141,Renault Duster,Renault,2014,449999,50000,Diesel
142,Honda Amaze,Honda,2015,344999,22000,Petrol
143,Nissan Sunny,Nissan,2012,224999,45000,Petrol
144,Hyundai Elite i20,Hyundai,2018,599999,21000,Petrol
145,Renault Kwid,Renault,2016,244999,11000,Petrol
146,Renault Duster,Renault,2013,399999,41000,Diesel
147,Ford EcoSport,Ford,2017,489999,39000,Petrol
148,Renault Duster,Renault,2014,474999,50000,Diesel
149,Mahindra Scorpio VLX,Mahindra,2011,499999,66000,Diesel
150,Maruti Suzuki Alto,Maruti,2018,310000,3000,Petrol
151,Chevrolet Spark LT,Chevrolet,2010,85000,45000,Petrol
152,Datsun Redi GO,Datsun,2016,245000,7000,Petrol
153,Maruti Suzuki Swift,Maruti,2010,189500,38500,Diesel
154,Fiat Punto Emotion,Fiat,2012,169500,37200,Diesel
155,Maruti Suzuki Swift,Maruti,2010,159500,43200,Diesel
156,Toyota Etios GD,Toyota,2013,275000,24800,Petrol
157,Hyundai i20 Sportz,Hyundai,2014,370000,60000,Diesel
158,Hyundai i10 Sportz,Hyundai,2010,168000,45872,Petrol
159,Chevrolet Beat LT,Chevrolet,2011,150000,40000,Diesel
160,Chevrolet Beat LS,Chevrolet,2011,145000,45000,Diesel
161,Chevrolet Beat LT,Chevrolet,2012,98500,38000,Diesel
162,Mahindra Scorpio VLX,Mahindra,2014,699000,50000,Diesel
163,Tata Indigo CS,Tata,2011,85000,11400,Diesel
164,Toyota Corolla Altis,Toyota,2015,575000,42000,Petrol
165,Honda City 1.5,Honda,2014,549000,39000,Petrol
166,Maruti Suzuki Swift,Maruti,2011,209000,47000,Diesel
167,Hyundai Eon Era,Hyundai,2013,185000,27000,Petrol
168,Mahindra Scorpio S10,Mahindra,2015,900000,97200,Diesel
169,Mahindra XUV500,Mahindra,2014,699999,52000,Diesel
170,Honda Brio,Honda,2012,224999,30000,Petrol
171,Ford Fiesta,Ford,2011,274999,55000,Diesel
172,Honda Amaze,Honda,2013,284999,46000,Diesel
173,Honda City,Honda,2015,599999,30000,Diesel
174,Maruti Suzuki Wagon,Maruti,2012,199999,44000,Petrol
175,Honda City,Honda,2014,544999,45000,Diesel
176,Hyundai i20,Hyundai,2009,199000,31000,Petrol
177,Hyundai Fluidic Verna,Hyundai,2015,540000,38000,Diesel
178,Mahindra Quanto C8,Mahindra,2013,340000,37000,Diesel
179,Fiat Petra ELX,Fiat,2008,75000,65000,Petrol
180,Skoda Fabia 1.2L,Skoda,2011,159500,38200,Diesel
181,Hyundai Santro Xing,Hyundai,2005,49000,7500,Petrol
182,Maruti Suzuki Ciaz,Maruti,2016,700000,3350,Petrol
183,Maruti Suzuki Zen,Maruti,2000,55000,60000,Petrol
184,Honda City,Honda,2015,448999,54000,Petrol
185,Hyundai Creta 1.6,Hyundai,2017,895000,32000,Petrol
186,Mahindra Scorpio SLX,Mahindra,2007,355000,75000,Diesel
187,Mahindra Scorpio SLE,Mahindra,2012,565000,62000,Diesel
188,Toyota Innova 2.5,Toyota,2006,365000,73000,Diesel
189,Maruti Suzuki Alto,Maruti,2011,145000,41000,Petrol
190,Maruti Suzuki Wagon,Maruti,2011,210000,35000,Petrol
191,Tata Nano Cx,Tata,2013,40000,2200,Petrol
192,Maruti Suzuki Alto,Maruti,2013,125000,39000,Petrol
193,Maruti Suzuki Wagon,Maruti,2009,135000,45000,Petrol
194,Maruti Suzuki Swift,Maruti,2006,135000,45000,Petrol
195,Tata Sumo Victa,Tata,2012,285000,65000,Diesel
196,Maruti Suzuki Wagon,Maruti,2010,145000,54870,Petrol
197,Maruti Suzuki Alto,Maruti,2010,135000,34580,Petrol
198,Volkswagen Passat Diesel,Volkswagen,2009,450000,97000,Diesel
199,Renault Scala RxL,Renault,2015,375000,25000,Diesel
200,Mahindra Quanto C8,Mahindra,2013,375000,20000,Diesel
201,Hyundai Grand i10,Hyundai,2014,365000,20000,Petrol
202,Hyundai i20 Active,Hyundai,2015,500000,18000,Petrol
203,Mahindra Xylo E4,Mahindra,2012,400000,35000,Diesel
204,Mahindra Jeep MM,Mahindra,2019,390000,60,Diesel
205,Renault Duster 110PS,Renault,2012,501000,35000,Diesel
206,Mahindra Bolero SLE,Mahindra,2013,330000,80200,Diesel
207,Force Motors Force,Force,2015,580000,3200,Diesel
208,Maruti Suzuki SX4,Maruti,2012,265000,46000,Diesel
209,Mahindra Jeep CL550,Mahindra,2019,379000,0,Diesel
210,Maruti Suzuki Alto,Maruti,2015,219000,5000,Petrol
211,Mahindra Jeep CL550,Mahindra,2018,385000,588,Diesel
212,Toyota Etios,Toyota,2011,275000,36000,Diesel
213,Volkswagen Polo,Volkswagen,2015,330000,38000,Diesel
214,Honda City ZX,Honda,2008,110000,45000,Petrol
215,Maruti Suzuki Wagon,Maruti,2006,80000,71200,Petrol
216,Honda City VX,Honda,2016,519000,52000,Diesel
217,Mahindra Thar CRDe,Mahindra,2016,730000,29000,Diesel
218,Mitsubishi Pajero Sport,Mitsubishi,2015,1475000,47000,Diesel
219,Audi A4 1.8,Audi,2009,699000,47000,Petrol
220,Renault Kwid RXT,Renault,2017,340000,5000,Petrol
221,Tata Aria Pleasure,Tata,2014,390000,35000,Diesel
222,Mercedes Benz B,Mercedes,2014,1400000,31000,Petrol
223,Datsun GO T,Datsun,2016,245000,7000,Petrol
224,Honda Jazz VX,Honda,2016,450000,41000,Petrol
225,Honda Amaze 1.2,Honda,2014,311000,33000,Petrol
226,Honda Amaze,Honda,2013,284999,46000,Diesel
227,Honda City,Honda,2012,399999,45000,Petrol
228,Honda City,Honda,2015,599999,39000,Diesel
229,Honda Amaze,Honda,2015,344999,22000,Petrol
230,Audi A4 1.8,Audi,2009,699000,47000,Petrol
231,Force Motors Force,Force,2015,580000,3200,Diesel
232,Mahindra Scorpio S4,Mahindra,2015,855000,30000,Diesel
233,Hyundai i20 Active,Hyundai,2015,535000,37000,Diesel
234,Maruti Suzuki Ciaz,Maruti,2017,699000,14000,Petrol
235,Chevrolet Tavera Neo,Chevrolet,2013,375000,55000,Diesel
236,Honda Amaze,Honda,2013,284999,46000,Diesel
237,Hyundai Eon Sportz,Hyundai,2012,178000,30000,Petrol
238,Tata Sumo Gold,Tata,2013,300000,50000,Diesel
239,Maruti Suzuki Wagon,Maruti,2003,90000,45000,Petrol
240,Maruti Suzuki Esteem,Maruti,2006,95000,45000,Petrol
241,Maruti Suzuki Eeco,Maruti,2015,255000,9300,Petrol
242,Chevrolet Enjoy 1.4,Chevrolet,2013,245000,55000,Diesel
243,Hyundai i20 Asta,Hyundai,2012,329500,36200,Diesel
244,Ford Figo Diesel,Ford,2014,195000,50000,Diesel
245,Maruti Suzuki Eeco,Maruti,2015,251111,55000,Petrol
246,Maruti Suzuki Ertiga,Maruti,2014,569999,45000,Petrol
247,Maruti Suzuki Esteem,Maruti,2007,69999,51000,Petrol
248,Maruti Suzuki Ritz,Maruti,2014,299999,19000,Petrol
249,Maruti Suzuki Dzire,Maruti,2009,220000,46000,Petrol
250,Maruti Suzuki Ritz,Maruti,2013,399999,33000,Diesel
251,Maruti Suzuki SX4,Maruti,2010,249999,36000,Petrol
252,Maruti Suzuki Wagon,Maruti,2015,289999,22000,Petrol
253,Nissan Terrano XL,Nissan,2015,499999,60000,Diesel
254,Renault Duster 85,Renault,2013,489999,27000,Diesel
255,Renault Duster 85,Renault,2014,489999,59000,Diesel
256,Renault Duster 85,Renault,2015,549999,19000,Diesel
257,Maruti Suzuki Dzire,Maruti,2013,380000,30000,Petrol
258,Renault Kwid RXT,Renault,2018,325000,15000,Petrol
259,Maruti Suzuki Maruti,Maruti,2003,57000,56758,Petrol
260,Renault Kwid 1.0,Renault,2018,349999,10000,Petrol
261,Renault Lodgy 85,Renault,2018,689999,20000,Diesel
262,Renault Scala RxL,Renault,2014,349999,49000,Diesel
263,Hyundai Grand i10,Hyundai,2014,410000,41000,Petrol
264,Maruti Suzuki Swift,Maruti,2011,225000,45000,Petrol
265,Chevrolet Beat LS,Chevrolet,2010,120000,43000,Petrol
266,Hyundai Santro Xing,Hyundai,2000,59000,56450,Petrol
267,Hyundai Fluidic Verna,Hyundai,2015,540000,38000,Diesel
268,Chevrolet Beat LS,Chevrolet,2010,80000,56000,Petrol
269,Mahindra Quanto C8,Mahindra,2013,340000,37000,Diesel
270,Fiat Petra ELX,Fiat,2008,75000,65000,Petrol
271,Chevrolet Beat LS,Chevrolet,2015,220000,32700,Petrol
272,Skoda Fabia 1.2L,Skoda,2011,159500,38200,Diesel
273,Ford EcoSport Titanium,Ford,2016,599000,30000,Diesel
274,Hyundai Accent GLX,Hyundai,2006,80000,56000,Petrol
275,Maruti Suzuki Swift,Maruti,2010,290000,52000,Diesel
276,Mahindra TUV300 T4,Mahindra,2016,675000,9000,Diesel
277,Tata Indica V2,Tata,2008,150000,11000,Petrol
278,Tata Indigo CS,Tata,2009,72500,46000,Diesel
279,Maruti Suzuki Swift,Maruti,2019,610000,73,Petrol
280,Tata Indica eV2,Tata,2017,290000,84000,Diesel
281,Honda Accord,Honda,2009,175000,58559,Petrol
282,Mahindra Scorpio S4,Mahindra,2015,855000,30000,Diesel
283,Chevrolet Tavera Neo,Chevrolet,2013,375000,55000,Diesel
284,Ford EcoSport Titanium,Ford,2014,520000,57000,Diesel
285,Maruti Suzuki Ertiga,Maruti,2015,524999,50000,Diesel
286,Honda Amaze,Honda,2014,299999,37000,Petrol
287,Maruti Suzuki Dzire,Maruti,2012,299999,40000,Petrol
288,Honda City,Honda,2011,284999,55000,Petrol
289,Maruti Suzuki Dzire,Maruti,2014,424999,55000,Diesel
290,Honda City,Honda,2015,644999,39000,Petrol
291,Honda Mobilio,Honda,2014,399999,44000,Petrol
292,Toyota Corolla Altis,Toyota,2009,199999,65000,Petrol
293,Honda City,Honda,2014,584999,39000,Petrol
294,Skoda Laura,Skoda,2012,349999,44000,Diesel
295,Renault Duster,Renault,2015,449999,49000,Diesel
296,Maruti Suzuki Ertiga,Maruti,2018,799999,9000,Diesel
297,Maruti Suzuki Dzire,Maruti,2015,444999,45000,Diesel
298,Mahindra XUV500,Mahindra,2014,649999,47000,Diesel
299,Hyundai Verna Fluidic,Hyundai,2012,444999,40000,Diesel
300,Maruti Suzuki Vitara,Maruti,2016,689999,29000,Diesel
301,Maruti Suzuki Wagon,Maruti,2016,344999,15000,Petrol
302,Mahindra Scorpio,Mahindra,2015,944999,45000,Diesel
303,Honda Amaze,Honda,2014,274999,35000,Petrol
304,Mahindra XUV500,Mahindra,2013,689999,80000,Diesel
305,Mahindra Scorpio,Mahindra,2013,574999,68000,Diesel
306,Skoda Laura,Skoda,2013,374999,50000,Diesel
307,Volkswagen Polo,Volkswagen,2010,199999,60000,Diesel
308,Hyundai Elite i20,Hyundai,2016,549999,9000,Petrol
309,Tata Manza Aura,Tata,2012,130000,72000,Diesel
310,Chevrolet Sail UVA,Chevrolet,2013,210000,60000,Petrol
311,Renault Duster 110,Renault,2012,501000,38000,Diesel
312,Hyundai Verna Fluidic,Hyundai,2013,401000,45000,Diesel
313,Audi A4 2.0,Audi,2012,1350000,40000,Diesel
314,Hyundai Elantra SX,Hyundai,2013,600000,20000,Petrol
315,Mahindra Scorpio VLX,Mahindra,2013,610000,35000,Diesel
316,Mahindra KUV100 K8,Mahindra,2016,400000,20000,Diesel
317,Renault Scala RxL,Renault,2015,375000,25000,Diesel
318,Mahindra Quanto C8,Mahindra,2013,375000,20000,Diesel
319,Hyundai Grand i10,Hyundai,2014,365000,20000,Petrol
320,Hyundai i20 Active,Hyundai,2015,500000,18000,Petrol
321,Mahindra Xylo E4,Mahindra,2012,400000,35000,Diesel
322,Hyundai Grand i10,Hyundai,2017,524999,6821,Petrol
323,Hyundai i20,Hyundai,2014,449999,23000,Petrol
324,Hyundai Eon,Hyundai,2014,174999,14000,Petrol
325,Hyundai i10,Hyundai,2012,244999,38000,Petrol
326,Hyundai i20 Active,Hyundai,2015,574999,35000,Diesel
327,Datsun Redi GO,Datsun,2017,244999,22000,Petrol
328,Toyota Etios Liva,Toyota,2011,239999,41000,Petrol
329,Hyundai Accent,Hyundai,2010,99999,45000,Petrol
330,Hyundai Verna,Hyundai,2014,489999,44000,Diesel
331,Maruti Suzuki Swift,Maruti,2013,324999,45000,Diesel
332,Toyota Fortuner,Toyota,2011,1074999,52000,Diesel
333,Hyundai i10 Sportz,Hyundai,2012,230000,34000,Petrol
334,Mahindra Bolero Power,Mahindra,2018,699000,1800,Diesel
335,Mahindra XUV500,Mahindra,2015,1000000,15000,Diesel
336,Chevrolet Spark LT,Chevrolet,2009,110000,44000,Petrol
337,Mahindra Jeep MM,Mahindra,2019,390000,60,Diesel
338,Renault Duster 110PS,Renault,2012,501000,35000,Diesel
339,Mahindra XUV500,Mahindra,2016,1130000,72000,Diesel
340,Tata Indigo eCS,Tata,2014,250000,40000,Diesel
341,Mahindra Bolero SLE,Mahindra,2013,330000,80200,Diesel
342,Force Motors Force,Force,2015,580000,3200,Diesel
343,Skoda Rapid Elegance,Skoda,2013,340000,48000,Diesel
344,Tata Vista Quadrajet,Tata,2011,120000,90000,Diesel
345,Maruti Suzuki Alto,Maruti,2015,265000,12000,Petrol
346,Maruti Suzuki SX4,Maruti,2012,265000,46000,Diesel
347,Maruti Suzuki Zen,Maruti,2003,85000,69900,Petrol
348,Mahindra Jeep CL550,Mahindra,2019,379000,0,Diesel
349,Hyundai i10 Magna,Hyundai,2011,175000,45000,Petrol
350,Maruti Suzuki Alto,Maruti,2015,219000,5000,Petrol
351,Honda City ZX,Honda,2008,149000,42000,Petrol
352,Mahindra Jeep CL550,Mahindra,2018,385000,588,Diesel
353,Mahindra Jeep MM,Mahindra,2006,425000,122,Diesel
354,Chevrolet Beat Diesel,Chevrolet,2017,150000,62000,Diesel
355,Honda City 1.5,Honda,2010,225000,70000,Petrol
356,Hyundai Verna 1.4,Hyundai,2014,375000,36000,Petrol
357,Toyota Innova 2.5,Toyota,2012,770000,0,Diesel
358,Maruti Suzuki Alto,Maruti,2018,290000,24000,Petrol
359,Maruti Suzuki Maruti,Maruti,1995,30000,55000,Petrol
360,Toyota Etios,Toyota,2011,275000,36000,Diesel
361,Volkswagen Polo,Volkswagen,2015,330000,38000,Diesel
362,Maruti Suzuki Swift,Maruti,2014,335000,55000,Diesel
363,Hyundai Elite i20,Hyundai,2015,450000,20000,Diesel
364,Maruti Suzuki Swift,Maruti,2012,225000,40000,Petrol
365,Maruti Suzuki Versa,Maruti,2004,80000,50000,Petrol
366,Tata Indigo LX,Tata,2016,130000,104000,Diesel
367,Volkswagen Vento Konekt,Volkswagen,2011,245000,65000,Diesel
368,Mercedes Benz C,Mercedes,2002,399000,41000,Petrol
369,Maruti Suzuki Ertiga,Maruti,2013,450000,90000,Diesel
370,Honda City,Honda,2000,65000,80000,Petrol
371,Hyundai Santro Xing,Hyundai,2006,75000,46000,Petrol
372,Maruti Suzuki Omni,Maruti,2001,70000,70000,Petrol
373,Hyundai Sonata Transform,Hyundai,2017,190000,36469,Diesel
374,Hyundai Elite i20,Hyundai,2018,600000,7800,Petrol
375,Volkswagen Vento Konekt,Volkswagen,2011,245000,65000,Diesel
376,Maruti Suzuki Alto,Maruti,2017,240000,60000,Petrol
377,Maruti Suzuki Alto,Maruti,2011,155000,32000,Petrol
378,Honda Jazz S,Honda,2009,169999,24695,Petrol
379,Hyundai Grand i10,Hyundai,2017,450000,15141,Petrol
380,Maruti Suzuki Zen,Maruti,2001,40000,40000,Petrol
381,Mahindra Scorpio W,Mahindra,2012,165000,65000,Diesel
382,Maruti Suzuki Alto,Maruti,2014,270000,22000,Petrol
383,Hyundai Grand i10,Hyundai,2016,280000,59910,Diesel
384,Mahindra XUV500 W8,Mahindra,2012,560000,100000,Diesel
385,Hyundai Creta 1.6,Hyundai,2016,950000,25000,Petrol
386,Hyundai i20 Magna,Hyundai,2013,310000,35000,Petrol
387,Renault Duster 85,Renault,2015,715000,65000,Diesel
388,Hyundai Grand i10,Hyundai,2014,340000,35000,Petrol
389,Honda Brio V,Honda,2012,235000,33000,Petrol
390,Mahindra TUV300 T4,Mahindra,2017,610000,68000,Diesel
391,Chevrolet Spark LS,Chevrolet,2010,95000,23000,Petrol
392,Mahindra TUV300 T8,Mahindra,2018,1000000,4500,Diesel
393,Maruti Suzuki Swift,Maruti,2015,220000,129000,Diesel
394,Nissan X Trail,Nissan,2019,1200000,300,Diesel
395,Maruti Suzuki Alto,Maruti,2015,230000,5000,Petrol
396,Ford Ikon 1.3,Ford,2001,45000,65000,Petrol
397,Toyota Fortuner 3.0,Toyota,2010,940000,131000,Diesel
398,Tata Manza ELAN,Tata,2010,155555,111111,Petrol
399,Mercedes Benz A,Mercedes,2013,1500000,14000,Petrol
400,Chevrolet Beat LS,Chevrolet,2016,210000,22000,Diesel
401,Ford EcoSport Trend,Ford,2013,495000,38000,Diesel
402,Tata Indigo LS,Tata,2016,125000,70000,Diesel
403,Hyundai i20 Magna,Hyundai,2010,195000,36000,Petrol
404,Volkswagen Vento Highline,Volkswagen,2015,550000,34000,Diesel
405,Renault Kwid RXT,Renault,2015,270000,43000,Petrol
406,Ford EcoSport Titanium,Ford,2014,500000,40000,Diesel
407,Hyundai Verna 1.6,Hyundai,2017,800000,12000,Petrol
408,BMW 5 Series,BMW,2011,1299000,49000,Diesel
409,Skoda Superb 1.8,Skoda,2011,530000,68000,Petrol
410,Audi Q3 2.0,Audi,2013,1499000,37000,Diesel
411,Mahindra Bolero DI,Mahindra,2012,220000,59466,Diesel
412,Maruti Suzuki Zen,Maruti,2011,290000,16000,Petrol
413,Mahindra Scorpio S10,Mahindra,2015,900000,97200,Diesel
414,Ford Figo Duratorq,Ford,2012,250000,99000,Diesel
415,Maruti Suzuki Wagon,Maruti,2018,395000,25500,Petrol
416,Mahindra Logan Diesel,Mahindra,2009,130000,66000,Petrol
417,Tata Nano GenX,Tata,2010,32000,44005,Petrol
418,Mahindra TUV300 T4,Mahindra,2016,540000,35000,Diesel
419,Mahindra TUV300 T4,Mahindra,2016,540000,35000,Diesel
420,Hyundai Elite i20,Hyundai,2015,405000,28000,Petrol
421,Hyundai Elite i20,Hyundai,2015,400000,30000,Petrol
422,Honda City SV,Honda,2017,760000,4000,Petrol
423,Maruti Suzuki Baleno,Maruti,2016,500000,28000,Petrol
424,Ford Figo Petrol,Ford,2011,175000,75000,Petrol
425,Mahindra Scorpio S10,Mahindra,2015,900000,97200,Diesel
426,Honda City,Honda,2017,750000,3000,Petrol
427,Hyundai Elite i20,Hyundai,2015,419000,20000,Petrol
428,Maruti Suzuki Versa,Maruti,2004,90000,50000,Petrol
429,Hyundai Eon Era,Hyundai,2018,140000,2110,Petrol
430,Mitsubishi Pajero Sport,Mitsubishi,2015,1540000,43222,Petrol
431,Hyundai i10 Magna,Hyundai,2008,275000,100200,Petrol
432,Toyota Corolla H2,Toyota,2003,150000,100000,Petrol
433,Maruti Suzuki Swift,Maruti,2011,230000,65,Petrol
434,Tata Indigo CS,Tata,2015,123000,100000,Diesel
435,Mahindra Scorpio S10,Mahindra,2015,900000,97200,Diesel
436,Mahindra Scorpio S10,Mahindra,2015,900000,97200,Diesel
437,Hyundai Xcent Base,Hyundai,2016,300000,140000,Diesel
438,Honda City,Honda,2015,499999,55000,Petrol
439,Hyundai Accent Executive,Hyundai,2009,165000,48000,Petrol
440,Maruti Suzuki Baleno,Maruti,2016,498000,22000,Petrol
441,Tata Zest XE,Tata,2018,480000,103553,Diesel
442,Maruti Suzuki Dzire,Maruti,2017,488000,80000,Diesel
443,Tata Sumo Gold,Tata,2014,250000,99000,Diesel
444,Toyota Corolla Altis,Toyota,2010,220000,58000,Petrol
445,Maruti Suzuki Eeco,Maruti,2013,290000,70000,LPG
446,Toyota Fortuner 3.0,Toyota,2015,1525000,120000,Diesel
447,Mahindra XUV500 W6,Mahindra,2013,548900,49800,Diesel
448,Tata Tigor Revotron,Tata,2019,650000,100,Diesel
449,Maruti Suzuki 800,Maruti,2001,55000,81876,Petrol
450,Maruti Suzuki Ertiga,Maruti,2015,550000,75000,Petrol
451,Maruti Suzuki Versa,Maruti,2004,90000,50000,Petrol
452,Honda Mobilio S,Honda,2014,399000,44000,Diesel
453,Maruti Suzuki Ertiga,Maruti,2016,730000,55000,Diesel
454,Maruti Suzuki Vitara,Maruti,2017,725000,36000,Diesel
455,Hyundai Verna 1.6,Hyundai,2016,195000,56000,Diesel
456,Maruti Suzuki Swift,Maruti,2007,130000,62000,Petrol
457,Toyota Fortuner 3.0,Toyota,2015,1525000,120000,Diesel
458,Maruti Suzuki Omni,Maruti,2014,190000,6020,Petrol
459,Honda Amaze,Honda,2013,250000,55700,Diesel
460,Tata Indica,Tata,2005,80000,42000,Petrol
461,Hyundai Santro Xing,Hyundai,2003,120000,50000,Petrol
462,Maruti Suzuki Zen,Maruti,2010,149000,35000,Petrol
463,Maruti Suzuki Wagon,Maruti,2014,250000,18500,Petrol
464,Maruti Suzuki Wagon,Maruti,2007,120000,7000,Petrol
465,Honda Brio VX,Honda,2017,450000,11000,Petrol
466,Maruti Suzuki Zen,Maruti,2003,99999,53000,Petrol
467,Maruti Suzuki Zen,Maruti,2008,135000,23000,Petrol
468,Maruti Suzuki Wagon,Maruti,2016,225000,35500,Diesel
469,Maruti Suzuki Alto,Maruti,2010,99000,22134,Petrol
470,Renault Kwid RXT,Renault,2019,370000,1000,Petrol
471,Tata Nano Lx,Tata,2010,52000,9000,Petrol
472,Hyundai Xcent S,Hyundai,2015,290000,35000,Petrol
473,Hyundai Eon Magna,Hyundai,2014,190000,35000,Petrol
474,Honda City 1.5,Honda,2014,499000,22000,Petrol
475,Hindustan Motors Ambassador,Hindustan,2002,90000,25000,Diesel
476,Maruti Suzuki Ritz,Maruti,2010,149000,40000,Petrol
477,Hyundai Grand i10,Hyundai,2017,400000,20000,Petrol
478,Hyundai Eon D,Hyundai,2016,120000,87000,Petrol
479,Maruti Suzuki Swift,Maruti,2015,250000,55000,Petrol
480,Maruti Suzuki Wagon,Maruti,2017,375000,23000,Petrol
481,Honda Amaze 1.2,Honda,2014,381000,6000,Petrol
482,Maruti Suzuki Estilo,Maruti,2013,180000,65000,Petrol
483,Maruti Suzuki Vitara,Maruti,2016,580000,25000,Diesel
484,Maruti Suzuki Eeco,Maruti,2015,278000,39000,Petrol
485,Toyota Innova 2.0,Toyota,2009,290000,15574,Diesel
486,Hyundai Creta 1.6,Hyundai,2016,1000000,8000,Petrol
487,Mahindra Scorpio Vlx,Mahindra,2013,690000,75000,Diesel
488,Maruti Suzuki Ertiga,Maruti,2012,480000,51000,Diesel
489,Mitsubishi Lancer 1.8,Mitsubishi,2006,85000,50000,Petrol
490,Maruti Suzuki Maruti,Maruti,2001,40000,75000,Petrol
491,Maruti Suzuki Alto,Maruti,2015,90000,55800,Petrol
492,Hyundai Grand i10,Hyundai,2015,340000,53000,Petrol
493,Hyundai Eon D,Hyundai,2018,260000,25000,Petrol
494,Ford Fiesta SXi,Ford,2009,250000,56400,Petrol
495,Maruti Suzuki Ritz,Maruti,2010,180000,72160,Diesel
496,Hyundai Verna Fluidic,Hyundai,2012,350000,10000,Diesel
497,Maruti Suzuki Wagon,Maruti,2006,90001,48000,Petrol
498,Maruti Suzuki Estilo,Maruti,2007,115000,36000,Petrol
499,Audi A6 2.0,Audi,2012,1599000,11500,Diesel
500,Maruti Suzuki Wagon,Maruti,2003,130000,133000,Petrol
501,Maruti Suzuki Wagon,Maruti,2009,159000,27000,Petrol
502,Maruti Suzuki Wagon,Maruti,2009,160000,35000,Petrol
503,Maruti Suzuki Alto,Maruti,2010,110000,55000,Petrol
504,Maruti Suzuki Baleno,Maruti,2016,425000,40000,Petrol
505,Hyundai Verna 1.6,Hyundai,2019,900000,2000,Petrol
506,Maruti Suzuki Swift,Maruti,2009,150000,45000,Petrol
507,Hyundai Getz Prime,Hyundai,2009,110000,20000,Petrol
508,Hyundai Santro,Hyundai,2000,51999,88000,Petrol
509,Hyundai Getz Prime,Hyundai,2009,115000,20000,Petrol
510,Chevrolet Beat PS,Chevrolet,2012,215000,65422,Diesel
511,Ford EcoSport Trend,Ford,2017,580000,10000,Petrol
512,Maruti Suzuki Dzire,Maruti,2013,380000,35000,Petrol
513,Hyundai Fluidic Verna,Hyundai,2013,350000,117000,Diesel
514,BMW X1 xDrive20d,BMW,2011,1150000,72000,Diesel
515,Hyundai i20 Asta,Hyundai,2010,300000,10750,Petrol
516,Honda City 1.5,Honda,2009,269000,55000,Petrol
517,Tata Nano,Tata,2013,60000,6800,Petrol
518,Chevrolet Cruze LTZ,Chevrolet,2014,400000,41000,Diesel
519,Hyundai Verna Fluidic,Hyundai,2015,430000,73000,Diesel
520,Maruti Suzuki Swift,Maruti,2011,140000,65000,Diesel
521,Mahindra XUV500 W10,Mahindra,2018,1299000,40000,Diesel
522,Maruti Suzuki Alto,Maruti,2014,199000,37000,Petrol
523,Hyundai Accent GLE,Hyundai,2006,90000,55000,Petrol
524,Force Motors One,Force,2013,550000,140000,Diesel
525,Datsun Go Plus,Datsun,2016,290000,5,Petrol
526,Maruti Suzuki Alto,Maruti,2019,265000,9800,Petrol
527,Chevrolet Spark 1.0,Chevrolet,2011,100000,27000,Petrol
528,Hyundai i10,Hyundai,2009,215000,27000,Petrol
529,Toyota Etios Liva,Toyota,2012,380000,20000,Diesel
530,Renault Duster 85PS,Renault,2013,401919,57923,Diesel
531,Chevrolet Enjoy,Chevrolet,2014,490000,30201,Diesel
532,Maruti Suzuki Alto,Maruti,2017,280000,6200,Petrol
533,BMW 5 Series,BMW,2009,650000,37518,Petrol
534,Toyota Etios Liva,Toyota,2014,160000,24652,Petrol
535,Mahindra Jeep MM,Mahindra,2004,424000,383,Diesel
536,Chevrolet Beat LS,Chevrolet,2016,225000,95000,Diesel
537,Chevrolet Cruze LTZ,Chevrolet,2011,350000,35000,Diesel
538,Jeep Wrangler Unlimited,Jeep,2015,950000,3528,Diesel
539,Maruti Suzuki Ertiga,Maruti,2013,485000,52500,Diesel
540,Hyundai Verna VGT,Hyundai,2010,205000,47900,Diesel
541,Maruti Suzuki Omni,Maruti,2012,160000,14000,Petrol
542,Maruti Suzuki Celerio,Maruti,2018,310000,37000,Petrol
543,Tata Zest Quadrajet,Tata,2017,180000,90000,Diesel
544,Mahindra XUV500 W6,Mahindra,2013,549900,52800,Diesel
545,Tata Indigo CS,Tata,2016,150000,104000,Diesel
546,Hyundai i10 Era,Hyundai,2011,175000,30000,Petrol
547,Tata Indigo LX,Tata,2016,230000,104000,Diesel
548,Tata Indigo eCS,Tata,2016,230000,104000,Diesel
549,Tata Indigo Marina,Tata,2004,180000,70000,Diesel
550,Hyundai Xcent SX,Hyundai,2015,400000,43000,Diesel
551,Hyundai Eon Magna,Hyundai,2013,185000,23000,Petrol
552,Renault Duster 85,Renault,2015,385000,51000,Diesel
553,Maruti Suzuki Alto,Maruti,2009,90000,62000,Petrol
554,Tata Nano LX,Tata,2010,32000,48008,Petrol
555,Renault Duster 110,Renault,2013,435000,39000,Diesel
556,Maruti Suzuki Wagon,Maruti,2010,225000,40000,Petrol
557,Maruti Suzuki Swift,Maruti,2006,189700,48247,Petrol
558,Maruti Suzuki Ertiga,Maruti,2012,389700,39000,Diesel
559,Maruti Suzuki Swift,Maruti,2014,365000,23000,Petrol
560,Maruti Suzuki Alto,Maruti,2017,360000,9400,Petrol
561,Hyundai i20 Magna,Hyundai,2010,210000,50000,Petrol
562,Hyundai i10 Magna,Hyundai,2009,170000,75000,Petrol
563,Tata Zest XE,Tata,2017,380000,70000,Diesel
564,Mahindra Xylo E8,Mahindra,2009,295000,64000,Diesel
565,Toyota Corolla Altis,Toyota,2010,185000,55000,Petrol
566,Mahindra KUV100 K8,Mahindra,2018,290000,7500,Diesel
567,Renault Kwid 1.0,Renault,2018,290000,2137,Petrol
568,Tata Venture EX,Tata,2013,100000,30000,Diesel
569,Maruti Suzuki Swift,Maruti,2014,315000,44000,Petrol
570,Maruti Suzuki Alto,Maruti,2002,290000,56000,Petrol
571,Skoda Octavia Classic,Skoda,2006,114990,65000,Diesel
572,Chevrolet Beat Diesel,Chevrolet,2011,125000,56000,Diesel
573,Tata Sumo Gold,Tata,2012,210000,75000,Diesel
574,Hyundai Verna 1.6,Hyundai,2018,855000,42000,Diesel
575,Tata Sumo Gold,Tata,2012,210000,75000,Diesel
576,Mahindra Scorpio 2.6,Mahindra,2007,260000,56000,Diesel
577,Maruti Suzuki Zen,Maruti,2002,95000,10544,Petrol
578,Maruti Suzuki Swift,Maruti,2011,255000,64000,Petrol
579,Mahindra Scorpio SLX,Mahindra,2008,300000,70000,Diesel
580,Hyundai Grand i10,Hyundai,2014,340000,25000,Petrol
581,Hyundai Elite i20,Hyundai,2017,550000,15000,Petrol
582,Ford Ikon 1.6,Ford,2003,60000,50000,Petrol
583,Hyundai Elite i20,Hyundai,2015,290000,49500,Petrol
584,Toyota Innova 2.5,Toyota,2011,750000,147000,Diesel
585,Nissan Sunny XL,Nissan,2011,230000,52000,Petrol
586,Chevrolet Beat LT,Chevrolet,2012,130000,90001,Diesel
587,Maruti Suzuki Alto,Maruti,2017,270000,21000,Petrol
588,Maruti Suzuki Swift,Maruti,2012,280000,48006,Diesel
589,Maruti Suzuki Swift,Maruti,2012,280000,48006,Diesel
590,Maruti Suzuki Swift,Maruti,2012,280000,48006,Diesel
591,Toyota Innova 2.0,Toyota,2012,600000,80000,Diesel
592,Maruti Suzuki Swift,Maruti,2010,190000,74000,Diesel
593,Hyundai Elite i20,Hyundai,2015,500000,22000,Petrol
594,Mahindra XUV500 W10,Mahindra,2016,1065000,41000,Diesel
595,Volkswagen Polo Trendline,Volkswagen,2015,350000,25000,Diesel
596,Toyota Etios Liva,Toyota,2012,350000,85000,Diesel
597,Mahindra TUV300 T4,Mahindra,2016,540000,29500,Diesel
598,Hyundai Elite i20,Hyundai,2015,470000,30000,Petrol
599,Hyundai Santro Xing,Hyundai,2014,179000,57000,Petrol
600,Maruti Suzuki Zen,Maruti,2003,48000,60000,Petrol
601,Maruti Suzuki Ciaz,Maruti,2016,650000,50000,Petrol
602,Hyundai Eon Era,Hyundai,2013,190000,39700,Petrol
603,Hyundai Elantra 1.8,Hyundai,2012,500000,65000,Petrol
604,Maruti Suzuki Swift,Maruti,2010,270000,67000,Diesel
605,Maruti Suzuki Zen,Maruti,2008,125000,46000,Petrol
606,Hyundai Eon Era,Hyundai,2012,188000,38000,Petrol
607,Hyundai Grand i10,Hyundai,2016,380000,27000,Petrol
608,Hyundai Verna Fluidic,Hyundai,2011,365000,43000,Diesel
609,Ford EcoSport Trend,Ford,2014,465000,47000,Petrol
610,Hyundai i20 Magna,Hyundai,2011,240000,42000,Petrol
611,Chevrolet Beat Diesel,Chevrolet,2016,179999,19336,Diesel
612,Tata Indica eV2,Tata,2015,140000,60105,Diesel
613,BMW 3 Series,BMW,2011,1075000,35000,Diesel
614,Maruti Suzuki Swift,Maruti,2015,475000,22000,Petrol
615,BMW X1 sDrive20d,BMW,2012,1025000,41000,Diesel
616,Maruti Suzuki S,Maruti,2016,615000,21000,Diesel
617,Maruti Suzuki Ertiga,Maruti,2013,475000,48000,Diesel
618,Maruti Suzuki Alto,Maruti,2016,270000,38000,Petrol
619,Honda City SV,Honda,2014,475000,34000,Diesel
620,Volkswagen Vento Comfortline,Volkswagen,2011,240000,45933,Petrol
621,Honda City 1.5,Honda,2005,120000,68000,Petrol
622,Mahindra KUV100,Mahindra,2017,360000,35000,Diesel
623,Tata Zest XE,Tata,2018,450000,102563,Diesel
624,Mahindra XUV500 W8,Mahindra,2015,900000,28600,Diesel
625,Maruti Suzuki Swift,Maruti,2017,650000,41800,Diesel
626,Tata Sumo Gold,Tata,2014,275000,116000,Diesel
627,Maruti Suzuki Swift,Maruti,2009,210000,59000,Petrol
628,Mahindra Scorpio 2.6,Mahindra,2004,175000,58000,Diesel
629,Maruti Suzuki Omni,Maruti,2009,85000,45000,Petrol
630,Mitsubishi Pajero Sport,Mitsubishi,2015,1490000,42590,Diesel
631,Renault Duster,Renault,2014,800000,7400,Diesel
632,Volkswagen Jetta Comfortline,Volkswagen,2009,450000,54500,Diesel
633,Audi A4 2.0,Audi,2013,1510000,27000,Diesel
634,Toyota Corolla Altis,Toyota,2014,790000,29000,Petrol
635,Mitsubishi Pajero Sport,Mitsubishi,2015,1725000,37000,Diesel
636,Chevrolet Beat LT,Chevrolet,2012,135000,36000,Petrol
637,BMW X1,BMW,2011,1000000,34000,Diesel
638,Datsun Redi GO,Datsun,2018,299999,7000,Petrol
639,Mercedes Benz C,Mercedes,2009,1225000,76000,Diesel
640,Mahindra Scorpio SLX,Mahindra,2004,175000,60000,Diesel
641,Volkswagen Vento Comfortline,Volkswagen,2011,200000,95000,Diesel
642,Tata Indigo CS,Tata,2017,270000,50000,Diesel
643,Ford Figo Petrol,Ford,2019,525000,0,Petrol
644,Honda City ZX,Honda,2006,180000,50000,Petrol
645,Maruti Suzuki Wagon,Maruti,2008,140000,68000,Petrol
646,Ford EcoSport Trend,Ford,2014,400000,16000,Petrol
647,Maruti Suzuki Swift,Maruti,2016,499000,51000,Diesel
648,Maruti Suzuki Omni,Maruti,2009,85000,56000,Petrol
649,Maruti Suzuki Zen,Maruti,2004,70000,100000,Petrol
650,Renault Duster RxL,Renault,2015,550000,36000,Petrol
651,Maruti Suzuki Swift,Maruti,2014,370000,11523,Petrol
652,Maruti Suzuki Baleno,Maruti,2018,690000,1000,Petrol
653,Honda WR V,Honda,2009,250000,60000,Petrol
654,Tata Indigo CS,Tata,2016,110000,85000,Diesel
655,Renault Duster 110,Renault,2013,490000,38600,Diesel
656,Mahindra Scorpio LX,Mahindra,2009,320000,95500,Diesel
657,Maruti Suzuki Zen,Maruti,2004,68000,56000,Petrol
658,Maruti Suzuki Wagon,Maruti,2014,130000,37458,Petrol
659,Maruti Suzuki SX4,Maruti,2016,970000,85960,Diesel
660,Hyundai Eon D,Hyundai,2018,280000,35000,Petrol
661,Maruti Suzuki Zen,Maruti,2009,125000,0,Petrol
662,Mahindra Scorpio SLX,Mahindra,2008,285000,80000,Diesel
663,Hyundai Santro AE,Hyundai,2011,165000,45000,Petrol
664,Maruti Suzuki Swift,Maruti,2009,250000,51000,Diesel
665,Mahindra Scorpio S4,Mahindra,2015,865000,30000,Diesel
666,Mahindra Xylo D2,Mahindra,2011,390000,48000,Diesel
667,Hyundai Santro,Hyundai,2003,60000,51000,Petrol
668,Chevrolet Beat LT,Chevrolet,2015,215000,90000,Diesel
669,Maruti Suzuki Swift,Maruti,2015,475000,43000,Diesel
670,Mahindra XUV500 W8,Mahindra,2015,899000,53000,Diesel
671,Toyota Fortuner 3.0,Toyota,2013,1499000,97000,Diesel
672,Maruti Suzuki Alto,Maruti,2013,240000,20000,Petrol
673,Hyundai Getz GLE,Hyundai,2007,99000,55000,Petrol
674,Maruti Suzuki Swift,Maruti,2014,260000,120000,Diesel
675,Hyundai Creta 1.6,Hyundai,2019,1200000,0,Petrol
676,Hyundai Santro Xing,Hyundai,2007,115000,46000,Petrol
677,Hyundai Santro Xing,Hyundai,2009,88000,43200,Petrol
678,Mahindra Xylo D2,Mahindra,2011,390000,56000,Diesel
679,Hyundai Santro Xing,Hyundai,2007,135000,42000,Petrol
680,Tata Indica V2,Tata,2009,90000,30600,Diesel
681,Hyundai i10 Sportz,Hyundai,2011,220000,38000,Petrol
682,Hyundai Grand i10,Hyundai,2017,424999,2550,Petrol
683,Hyundai Santro Xing,Hyundai,2007,135000,47000,Petrol
684,Honda City 1.5,Honda,2005,95000,41000,Petrol
685,Nissan Micra XL,Nissan,2017,430000,62500,Diesel
686,Honda City 1.5,Honda,2005,115000,68000,Petrol
687,Maruti Suzuki Alto,Maruti,2015,215000,50000,Petrol
688,Maruti Suzuki Wagon,Maruti,2004,53000,69000,Petrol
689,Maruti Suzuki Ertiga,Maruti,2012,500000,48000,Diesel
690,Tata Indica eV2,Tata,2012,85000,55000,Diesel
691,Maruti Suzuki Omni,Maruti,2013,165000,25000,Petrol
692,Hyundai Eon Era,Hyundai,2014,200000,28400,Petrol
693,Hyundai Eon,Hyundai,2014,200000,28000,Petrol
694,Maruti Suzuki Swift,Maruti,2015,425000,42000,Diesel
695,Hyundai Verna 1.6,Hyundai,2012,600000,29000,Diesel
696,Chevrolet Tavera LS,Chevrolet,2005,130000,68485,Diesel
697,Tata Tiago Revotron,Tata,2018,430000,3500,Petrol
698,Tata Tiago Revotorq,Tata,2019,568500,0,Petrol
699,Tata Nexon,Tata,2019,290000,0,Petrol
700,Maruti Suzuki Zen,Maruti,2006,71000,32000,Petrol
701,Mahindra KUV100 K8,Mahindra,2018,560000,8000,Diesel
702,Ford EcoSport Titanium,Ford,2014,590000,34000,Diesel
703,Hindustan Motors Ambassador,Hindustan,1995,750000,37000,Petrol
704,Ford Fusion 1.4,Ford,2007,125000,85455,Diesel
705,Hyundai Santro Xing,Hyundai,2007,135000,46000,Petrol
706,Hyundai Santro,Hyundai,2002,60000,47000,Petrol
707,Fiat Linea Emotion,Fiat,2009,120000,64000,Petrol
708,Ford Ikon 1.3,Ford,2008,95000,46000,Petrol
709,Maruti Suzuki Omni,Maruti,2017,240000,8000,Petrol
710,Tata Indica V2,Tata,2012,115000,64000,Diesel
711,Mahindra Scorpio S4,Mahindra,2015,795000,63000,Diesel
712,Hyundai Santro Xing,Hyundai,2007,55000,65000,Petrol
713,Mahindra Xylo D2,Mahindra,2009,300000,62000,Diesel
714,Hyundai Grand i10,Hyundai,2014,320000,41000,Petrol
715,Maruti Suzuki Alto,Maruti,2015,265000,14000,Petrol
716,Toyota Corolla,Toyota,2006,160000,40000,Petrol
717,Hyundai Eon Magna,Hyundai,2017,300000,1600,Petrol
718,Tata Sumo Grande,Tata,2010,130000,90000,Diesel
719,Maruti Suzuki Swift,Maruti,2011,250000,58000,Diesel
720,Volkswagen Polo Highline1.2L,Volkswagen,2013,380000,27000,Petrol
721,Maruti Suzuki Alto,Maruti,2003,42000,60000,Petrol
722,Tata Tiago Revotron,Tata,2017,400000,31000,Petrol
723,Maruti Suzuki Swift,Maruti,2009,120000,90000,Diesel
724,Maruti Suzuki Swift,Maruti,2009,120000,90000,Diesel
725,Chevrolet Beat LS,Chevrolet,2014,189000,31000,Diesel
726,Mahindra Xylo E8,Mahindra,2011,365000,43000,Diesel
727,Hyundai Eon D,Hyundai,2013,170000,20000,Petrol
728,Tata Sumo Gold,Tata,2013,215000,100000,Petrol
729,Tata Nano,Tata,2013,60000,7000,Petrol
730,Hyundai Elite i20,Hyundai,2017,599999,31000,Petrol
731,Hyundai i10 Magna,Hyundai,2009,400000,33000,Petrol
732,Hyundai Creta,Hyundai,2016,900000,60000,Diesel
733,Volkswagen Polo,Volkswagen,2013,299999,48000,Diesel
734,Maruti Suzuki Dzire,Maruti,2014,374999,33000,Petrol
735,Tata Bolt XM,Tata,2015,600000,15000,Petrol
736,Maruti Suzuki Alto,Maruti,2005,70000,47000,Petrol
737,Maruti Suzuki Alto,Maruti,2005,100000,40000,Petrol
738,Hyundai Venue,Hyundai,2019,290000,7000,Diesel
739,Maruti Suzuki Ritz,Maruti,2010,150000,38000,Diesel
740,Maruti Suzuki Alto,Maruti,2017,225000,12500,Petrol
741,Maruti Suzuki Dzire,Maruti,2009,210000,42000,Petrol
742,Renault Lodgy,Renault,2016,290000,20000,Diesel
743,Hyundai i20 Asta,Hyundai,2014,425000,31000,Petrol
744,Maruti Suzuki Swift,Maruti,2008,162000,60000,Diesel
745,Tata Indica V2,Tata,2005,60000,80000,Diesel
746,Mahindra Scorpio VLX,Mahindra,2014,650000,77000,Diesel
747,Toyota Innova 2.5,Toyota,2012,750000,75000,Diesel
748,Mahindra Xylo E8,Mahindra,2010,375000,40000,Diesel
749,Hyundai i20 Magna,Hyundai,2011,230000,47000,Petrol
750,Maruti Suzuki Omni,Maruti,2000,35999,60000,Petrol
751,Mahindra KUV100,Mahindra,2016,380000,26500,Petrol
752,Mahindra KUV100 K8,Mahindra,2019,560000,2875,Petrol
753,Datsun Go Plus,Datsun,2016,285000,13900,Petrol
754,Tata Indica V2,Tata,2005,39999,80000,Diesel
755,Hyundai Santro Xing,Hyundai,2006,85000,60000,Petrol
756,Maruti Suzuki Wagon,Maruti,2016,395000,20000,Petrol
757,Maruti Suzuki Swift,Maruti,2008,175000,58000,Diesel
758,Maruti Suzuki Alto,Maruti,2019,400000,1500,Petrol
759,Toyota Innova 2.5,Toyota,2011,750000,75000,Diesel
760,Maruti Suzuki Alto,Maruti,2016,250000,2450,Petrol
761,Maruti Suzuki Alto,Maruti,2019,425000,1625,Petrol
762,Maruti Suzuki Alto,Maruti,2019,290000,1500,Petrol
763,Volkswagen Polo Highline1.2L,Volkswagen,2017,525000,45000,Petrol
764,Mahindra Logan,Mahindra,2009,130000,65000,Diesel
765,Maruti Suzuki 800,Maruti,2000,30000,33400,Petrol
766,Mahindra Scorpio,Mahindra,2011,475000,60123,Diesel
767,Chevrolet Sail 1.2,Chevrolet,2013,300000,28000,Petrol
768,Volkswagen Vento Highline,Volkswagen,2015,290000,38900,Diesel
769,Hyundai Santro AE,Hyundai,2003,60000,70000,Petrol
770,Maruti Suzuki Wagon,Maruti,2006,100000,7000,Petrol
771,Hyundai Eon,Hyundai,2018,260000,25000,Petrol
772,Tata Manza,Tata,2015,100000,100000,Diesel
773,Toyota Innova 2.0,Toyota,2019,290000,4000,Petrol
774,Toyota Etios G,Toyota,2013,265000,42000,Petrol
775,Hyundai Getz Prime,Hyundai,2009,115000,20000,Petrol
776,Toyota Qualis,Toyota,2003,180000,100000,Diesel
777,Hyundai Santro Xing,Hyundai,2004,45000,137495,Petrol
778,Tata Indica eV2,Tata,2016,50500,91200,Diesel
779,Honda City 1.5,Honda,2009,270000,55000,Petrol
780,Tata Zest XE,Tata,2017,290000,120000,Diesel
781,Mahindra Quanto C4,Mahindra,2013,325000,63000,Diesel
782,Tata Indigo eCS,Tata,2016,160000,104000,Diesel
783,Maruti Suzuki Swift,Maruti,2016,350000,146000,Diesel
784,Hyundai Elite i20,Hyundai,2011,290000,40000,Petrol
785,Hyundai i20 Select,Hyundai,2011,290000,40000,Petrol
786,Chevrolet Tavera Neo,Chevrolet,2007,465000,100800,Diesel
787,Hyundai Elite i20,Hyundai,2018,510000,2100,Petrol
788,Honda City VX,Honda,2016,860000,95000,Petrol
789,Maruti Suzuki Dzire,Maruti,2016,450000,2500,Diesel
790,Hyundai Getz,Hyundai,2006,125000,80000,Petrol
791,Mercedes Benz C,Mercedes,2006,500001,15000,Petrol
792,Maruti Suzuki Alto,Maruti,2005,95000,65000,Petrol
793,Maruti Suzuki Swift,Maruti,2009,250000,51000,Diesel
794,Skoda Fabia,Skoda,2009,110000,45000,Petrol
795,Maruti Suzuki Alto,Maruti,2015,290000,70000,Petrol
796,Maruti Suzuki Ritz,Maruti,2011,270000,50000,Petrol
797,Tata Indica V2,Tata,2009,110000,30000,Diesel
798,Toyota Corolla Altis,Toyota,2009,300000,132000,Petrol
799,Tata Zest XM,Tata,2018,260000,27000,Diesel
800,Mahindra Quanto C8,Mahindra,2013,390000,40000,Diesel
